one,three,five,seven,nine
17.1436949999999,38.205434,81.110915,17.3605599999997,37.8779480000002
16.6722859999999,17.5318519999998,20.9602120000001,23.359964,16.613075
16.8581569999999,16.8163970000002,117.896622,89.9284929999999,48.6340260000002
16.9971039999999,39.5384270000001,62.2244699999999,121.318788,176.804147
16.2765740000002,189.97772,27.145886,68.974576,63.4967570000002
17.2055249999998,20.2925519999999,74.5390780000004,62.1598780000001,300.529502
16.2884890000001,18.5680210000001,22.1049039999999,66.1537499999998,107.103
16.532832,30.454787,57.5260849999997,145.956803,140.290943
17.054245,289.766166,25.7589980000001,131.980547,144.015546
16.808355,19.3506070000002,44.273698,66.9651010000001,120.027401
16.4229690000002,44.7668380000001,40.3036959999996,46.0906879999996,91.9947680000002
16.4486899999998,19.8400990000001,25.1138420000001,52.0019860000001,74.8595600000002
16.8581290000001,21.5513600000001,25.245215,71.1921699999998,151.887922
16.746318,20.9754320000002,21.3671510000002,156.346522,135.497447
17.3645929999999,18.8745089999998,202.645306,48.675222,73.285727
16.6325359999999,16.4415519999999,89.6960679999999,33.0493470000004,53.7007330000003
16.1418280000001,26.3011990000002,19.1630740000002,36.4065939999998,138.403735
16.904933,19.205189,30.1801359999998,46.9400220000003,40.592094
16.631853,27.658406,62.9543270000004,88.6417119999998,36.2841929999993
17.2908329999999,32.115294,30.3841500000002,213.241088,439.203992
16.820187,21.9739839999997,22.9753340000003,231.627153,34.5279209999996
19.873501,35.1492609999999,17.0124490000001,21.4217680000002,24.0385879999998
136.790343,65.6494580000002,241.32721,138.11044,23.0303879999996
16.4068190000002,24.2998390000002,111.596262,18.4136539999997,105.639544000001
16.8966619999997,57.5900419999997,17.0993880000001,298.775046,23.0458989999995
16.122588,34.240359,325.325164,48.6075960000001,21.6206650000004
17.6182960000002,52.2222650000002,17.5879930000002,177.949311,28.3803809999998
16.3885459999999,34.154413,20.1479449999997,19.5329580000001,111.93658
16.4246349999999,30.3249750000001,21.788388,27.5151820000001,18.6686099999998
16.2672380000002,23.5712070000003,19.7077590000001,16.5891369999995,32.9083130000001
16.613483,20.3807010000001,18.4250829999999,402.779742,49.3882480000005
17.6545260000003,170.304842,21.627713,19.1761049999997,39.7235739999999
16.0474489999998,62.5317239999998,260.712613,16.1250319999997,33.3141130000003
16.7437350000004,191.764303,101.76388,24.3363810000003,31.251395
16.8968349999998,44.6889259999992,115.907212,391.153109,16.5266089999996
16.346822,24.1097310000002,246.182875,202.905487,148.820762000001
16.8523709999997,276.72847,202.746522,32.6983999999992,40.4353429999995
16.1316870000001,19.8276440000003,30.1287220000006,18.5582320000002,210.169505000001
16.9749180000003,16.0341730000004,45.5824690000002,32.4203870000002,71.1512769999993
17.4972309999997,21.706505,16.856261,40.6396620000002,60.9522690000004
16.109959,16.4557319999998,47.8223419999999,17.0696899999996,103.928208999999
16.5478280000002,19.2511639999999,26.8908749999994,19.4111530000001,35.8309240000008
16.514946,17.9071449999997,27.2659840000005,23.4305430000008,22.6343509999998
17.1366370000001,21.2774940000005,28.3279140000001,193.255564,43.0855020000003
16.5546919999997,24.9335209999995,26.7329649999999,313.866916999999,17.0882789999993
16.6177830000001,17.4092680000006,128.213213,340.843355000001,101647.283543
16.6395980000003,19.7131069999994,47.0449000000004,201.844620999999,21230.469604
16.2860489999996,19.4417950000005,63.1216779999999,59.1235480000005,10239.79465
17.0409410000003,31.3256339999999,76.4376970000002,86.4696929999997,22.3267720000138
16.4320569999998,53.4384369999996,18.136707,252.685661,1811.757919
16.5204640000001,86.7958260000004,141.888789,94.1908849999997,39.7556069999894
16.5742390000001,66.1664439999994,160.286177,58.6164340000002,23.9546210000015
16.9213609999996,26.2804059999997,17.2889270000001,25.0766899999997,39.680412999985
16.353794,94.3446000000003,413.2717,35.4238530000002,22.5700820000156
16.5578640000001,37.5085349999997,20.3390190000006,57.9224329999999,25.8833110000012
17.178023,44.4338630000001,20.7726770000001,19.0499559999999,21.4080330000002
16.8593129999999,59.0771609999994,38.3333979999998,213.865228,27.4875890000033
126.951131,18.4946519999993,41.264194,79.8598989999997,81.5929320000066
16.0443370000003,19.272054,24.3124620000001,65.8633120000003,529.923294999975
16.915612,24.9052369999996,45.679357,18.6829499999996,175.499053999999
16.6547210000001,54.5896059999995,33.5876019999999,33.7659380000002,18.7958240000228
16.7092119999999,21.1027760000002,30.8991500000007,133.616715999999,22.713643000003
16.1856929999997,44.7681839999996,73.3157019999995,264.148434000001,211.469967999989
16.3843420000003,73.988774,47.4551129999998,78.1453320000001,120.126776999996
17.0401619999998,18.0947550000008,43.6990879999994,70.1257149999996,35.8900489999883
16.5596620000001,290.060867999999,50.8212659999998,60.9334409999995,25.3576579999901
16.0960159999997,19.5624829999996,131.895323,449.236793999999,309.298337000001
16.870554,19.4281520000006,158.586592,422.512093,332.262753000009
17.3883800000003,20.4949769999994,114.553495,20.3039349999994,19.70807699999
16.5287459999997,21.6895870000009,76.2337300000002,37.9768190000007,32.1276490000173
16.7953520000004,24.9722399999994,39.3550039999999,16.074076999999,39.214659999999
16.2761189999996,17.0255959999999,118.931476,31.2159810000008,516.157904000011
16.8934230000004,23.259221,55.7013059999996,32.6160689999995,20.1033349999875
16.6920559999997,19.9597599999999,88.6706449999997,25.3035720000003,38.4723740000084
16.7166550000002,64.6290379999996,42.9791929999999,19.9322540000004,22.7639370000077
17.2237059999998,32.9480359999996,21.207671,20.3028280000002,36.4484020000191
16.4006840000002,22.3148220000002,27.6043540000002,31.6929829999992,25.5630499999882
17.0762840000003,58.9384700000002,92.5477700000004,66.5594340000002,39.9323700000025
16.8338949999995,53.9865539999997,266.503156,40.0638119999996,68.166409000014
16.0777300000001,59.0666820000001,16.0200220000011,90.1044580000008,390.516562000016
16.854554,32.109707,17.8250469999988,49.9660459999998,212.084733000012
16.9508199999999,22.2569930000001,27.1954090000008,101.290482,88.5403439999948
16.5824210000003,96.7144449999999,134.103411,64.5359760000002,145.159479
16.3548769999999,26.8400959999999,69.8211430000004,86.4585800000004,30.5937530000051
16.5999989999999,51.3366729999998,25.4761549999998,35.2972380000001,75.0605570000005
16.8265280000002,43.0031610000006,143.161758,85.3654830000004,92.0575830000132
19.9587530000001,42.8016170000003,366.195183,321.162177,42.042643000002
133.530904,25.888664,107.66709,98.7025429999999,68.921357000022
16.4349120000002,51.5517569999995,20.0735630000004,96.657175999999,23.3616600000062
17.0500259999997,26.9298540000005,17.2835859999996,26.132028000001,40.2471680000076
16.9017650000001,20.7714760000002,23.8209919999992,27.256285,57.9151459999991
16.093938,189.8361,16.0953270000004,73.5085239999993,40.9498669999948
17.2138360000007,24.9125539999993,20.4983300000006,214.053255,127.840240000012
17.3912139999999,54.6986460000003,16.1138909999998,100.478585000001,155.877890999989
16.4472359999994,199.507179,16.0995449999994,36.9099090000002,330.824496000019
16.6569729999999,24.7384439999996,173.602771000001,69.7267840000002,34.3069369999966
16.297368,22.6690789999999,20.5930900000002,61.5248739999998,22.4526819999937
16.5808760000008,28.6702209999996,55.1601880000003,54.9403149999996,18.6494560000199
17.470361,18.3165890000003,23.6173470000001,67.9107259999991,77.0988639999928
16.2143829999994,21.1964689999995,163.904820000001,92.655036,648.602259
17.0160830000006,18.5165820000002,49.2568529999993,84.0526239999999,46.565084000008
17.1661569999992,20.3442059999999,137.213107999999,60.982847,28.7488429999883
16.1141410000001,22.9309459999998,74.3831320000012,23.021463000001,35.6895200000054
16.2106600000005,29.7310830000006,94.3363779999995,74.9100389999988,27.6077350000037
16.388944,20.5945679999999,80.994583999999,35.4445469999991,17.1759280000003
16.999373,52.4177239999997,61.1303050000007,30.1341930000003,444.643928999994
16.4924309999996,40.6761319999998,37.0586619999997,357.309791999999,25.3229559999966
16.461047,16.4505730000002,65.117592,16.2445099999999,21.5225470000178
17.3249220000002,18.387744,29.9173059999998,120.163544,23.3934970000007
16.8263389999996,20.3748250000002,37.2223609999995,17.804160999999,43.77370200001
22.7674110000002,18.7880199999997,33.8890700000007,44.0111549999997,40.7994939999981
16.882303,77.2670599999996,104.819383000001,22.8847260000009,156.570028000004
109.691304,43.1465489999994,36.818792,18.2072779999984,97.1963929999902
16.828254,25.0970549999998,37.6133070000009,188.708064,53.2809810000003
16.5200859999999,44.3212000000006,129.464279,37.2851389999997,248.179270999998
16.4849939999998,68.4198709999997,154.576436999999,178.271480000001,53.3114370000192
16.5841489999998,45.8656910000013,94.2916389999997,102.852414000001,46.3480509999954
16.7793700000001,36.6719500000006,407.773277,105.849232000001,55.1878859999988
16.8571100000001,25.3515769999986,20.8963390000001,76.960605,56.0691469999881
19.1819940000002,37.8876930000001,18.6613090000005,36.4884360000008,43.7126780000199
16.400709,29.0823840000005,17.4901260000002,126.492351,157.977454000019
16.507904,69.1833210000006,20.0682739999998,57.9855170000005,52.288931999982
17.2797540000005,221.421955999999,21.7911550000007,65.6047199999996,62.9760790000091
16.6280209999998,222.899983000001,17.9580149999996,21.6779909999989,29.5151740000108
16.7788849999999,17.4021710000005,18.7012060000011,95.6138410000005,45.1912169999957
17.5775659999999,17.854573000001,32.8702579999991,24.2445010000001,36.759112999988
16.1177590000001,20.6776249999994,24.0094460000009,34.8080499999988,154.50711699998
16.6005130000002,24.6435859999998,69.3876920000012,55.7333880000002,91.9573809999861
16.2429060000004,16.6704680000009,42.9983929999995,30.3598019999995,59.7218850000161
16.6138259999995,16.6467199999989,74.930353000001,41.0975610000008,73.666266999993
17.468729,63.5074240000009,128.026231,18.5949389999998,58.3870760000025
17.2173179999993,16.9140629999998,17.8541659999993,75.4112559999989,82.5891319999812
17.0693380000007,171.358154,77.1117879999999,73.0527280000004,99.2968669999925
16.6656729999994,21.4220130000005,138.804677000001,219.14553,80.649741000002
17.0492840000005,41.7155850000004,82.8455239999997,165.975570999999,49.5481140000038
16.5460729999998,54.3643780000007,63.5087299999988,20.2033630000003,27.4049219999881
16.2915210000003,23.4281719999991,49.7968809999989,288.095694000001,90.3362029999926
16.6105529999996,26.86177,32.7540319999997,18.7974729999993,39.1110489999846
16.799475,32.3095329999994,46.5219280000007,16.7579680000003,315.080973000022
16.6345410000002,46.0915760000002,90.1057360000017,30.8016450000004,21.0009519999801
16.6666700000002,22.4547830000006,75.3531500000015,25.5209900000004,25.2044450000142
16.7449409999998,16.1516430000006,170.435088,24.1167909999991,16.7379829999845
17.2098959999998,137.156844,32.1531090000011,16.757118000001,17.0301170000187
16.426579,17.1091400000005,178.277748000001,31.3214750000004,22.3215309999887
16.4797920000002,525.344174,26.7437930000014,29.3527939999993,16.7481960000089
16.5000480000002,26.424988,85.1338169999991,17.5356450000006,20.8352690000027
103.647247,26.8869979999999,94.2244409999997,18.1797009999993,320.101374000018
16.22054,42.489343,238.130382,139.088495000001,19.6000489999904
16.6000090000003,135.227572,16.9086499999995,136.747882,184.513592000002
16.6550040000004,38.9102220000002,19.1005550000014,36.8940720000008,35.7209199999886
16.502815,24.380257,18.5930849999991,40.0270020000004,143.880832000008
16.5432479999996,133.692916,27.6936970000001,21.5957269999993,102.998334000006
16.9328460000004,101.642412,21.7779940000007,58.0860300000001,103.007795999986
17.406179,306.035935,17.388071000001,72.4253709999996,78.6495480000156
16.1145999999999,17.0624789999998,44.7265469999998,33.0428940000012,131.407935999988
16.300921,26.2487440000001,109.341111000001,190.637901999999,29.4666590000077
16.4789519999999,34.1566030000005,34.6509239999992,25.4883650000011,35.9718379999947
16.7648380000003,124.218966,100.999824000001,20.0692959999991,39.7201509999832
16.9852649999998,35.7569469999999,26.7744069999996,64.9413489999979,17.1512139999948
16.9056360000006,52.0713079999999,28.3534339999996,18.2115100000004,18.1718910000086
16.0367959999999,45.459557,32.9735729999996,27.675232,72.0215439999947
17.0244969999995,64.161023,32.4475930000006,21.4645459999971,141.849703999981
16.5271389999999,127.146529,18.3669589999997,117.819727000001,26.1370799999838
16.3182740000005,35.4580470000001,74.7184369999996,111.496195000001,85.0623560000088
16.516813,108.115164,17.0123740000001,63.3538000000016,86.9220949999772
19.5510059999995,105.158229,42.9613030000002,56.1847280000016,56.1083709999934
16.8669179999998,18.6156909999999,61.2112889999992,41.4988370000025,94.579901000003
17.5628620000001,23.4467429999996,59.7075380000014,260.981136000002,26.4288299999862
16.6422449999999,44.4154640000001,63.310086,16.4887809999996,28.6827500000015
16.8215499999995,95.1945309999998,105.673392,18.1714610000014,25.2857070000232
17.1885569999999,45.2001640000002,61.9056790000001,18.8764520000007,99.4437859999948
16.0023900000006,27.6671779999997,178.308238,16.4146109999983,84.5614769999941
16.6120329999995,80.6352910000001,93.469029,20.498056000001,74.2405860000019
17.3374970000006,42.9521369999994,44.2900009999998,16.1326010000025,17.3333020000257
16.1153699999996,291.993402,87.4730930000003,62.9530379999999,119.083972999988
16.7028189999998,16.9666629999998,35.3299170000003,62.5971710000002,247.836893999988
16.6454090000006,24.8386959999998,83.1270289999999,43.3056469999968,26.6914999999983
17.4545439999996,22.9964090000001,29.663502,20.565659999999,20.1360820000218
16.2770910000001,22.9492699999998,59.2089549999999,43.9387380000014,16.5798639999935
16.4705039999999,17.8492920000002,18.1655960000002,16.3691499999992,18.1374060000223
16.4838679999999,17.0553020000002,346.863088,17.9253710000005,81.6867420000165
132.875555,20.3492860000001,17.3042739999998,47.2725360000013,118.46625299998
17.0820540000003,18.8354400000001,30.3092180000002,26.7404619999994,18.9413250000143
16.3438810000001,16.7166129999998,48.3190269999998,34.3609299999983,218.862185000006
16.44881,16.5671290000002,18.0371290000001,37.5952370000014,47.2006349999958
17.0429900000002,21.2128629999997,80.8297420000002,67.3308700000001,18.8121459999877
16.744396,19.5103190000001,244.238524,50.216066,101.176189
16.7118979999996,76.8893430000004,60.9868980000003,106.84025,184.21956200001
17.2094730000003,23.0051150000001,78.5312380000001,80.2896690000003,70.2433730000109
16.4733259999998,27.7873409999998,25.7613599999997,113.446522,71.2395300000139
16.735239,36.6139629999997,164.133202,89.047018,37.5539129999822
16.2378539999999,46.3603090000007,29.8812609999999,23.8733029999998,16.9577040000206
16.7866320000005,47.548258,17.7277800000004,77.469051,26.0445440000012
17.4418269999999,46.4123009999993,174.117739000001,42.0111420000002,16.2050309999984
16.5193600000002,35.4568890000007,211.794332,136.654701,19.8546749999764
16.6085239999996,27.8530879999996,28.7439379999999,110.36154,25.6701620000115
16.7050490000005,18.2912809999998,27.8674780000001,22.4803380000003,67.1096700000078
17.156473,23.7333390000005,20.0119460000003,106.85511,51.3761320000015
16.108676,74.9092689999999,50.010737,149.294652,120.375785999983
16.8358389999996,48.3017930000003,18.10197,26.463492,52.5776650000012
17.1518669999999,85.2736759999999,29.5727239999994,44.195947,76.2155909999933
16.7818820000001,77.5054849999997,16.4559130000006,22.506302,20.2109250000149
16.734692,29.329368,59.4531900000002,132.001582,16.1147149999863
16.4750729999996,16.3177169999997,94.0033539999998,153.612936,358.174353999999
16.8376540000006,253.264642,198.112412,34.7018370000001,16.136194999973
16.4949759999997,20.1662730000001,115.406879999999,244.896363,22.3929240000018
16.5549010000001,26.7722089999998,327.920682,18.4930640000003,21.0459930000013
16.2479800000002,18.0664929999992,20.6221730000005,235.608576,23.3870489999788
16.6531689999996,17.1442410000005,126.855709,87.5052800000002,132.391442999989
17.2912410000006,18.4147919999997,73.1393239999996,299.264728,91.7184449999979
17.8537049999994,19.133407,68.9165059999999,30.1498740000001,16.244400000005
16.8341510000003,17.0310659999995,137.311002000001,30.5954159999997,32.0944999999995
17.0409830000002,16.1232479999995,28.2724719999994,31.5398099999999,28.8280739999891
117.342429,17.2960229999992,49.008422,21.7757670000003,18.2087430000024
16.0403980000012,36.4479769999999,32.4001459999996,385.453724,19.7977139999921
16.7349989999988,54.231293,20.7510959999997,25.459659,16.788178000013
17.0561550000006,31.3552699999997,191.050155,49.0984809999997,18.9282720000108
16.504942000001,132.522318,18.3418350000002,24.6046789999994,27.4478949999946
16.639957999999,36.0972239999997,170.437273,117.748949,21.7795810000041
16.1352180000005,30.859006,58.6496160000003,45.3838019999999,16.7437419999885
16.5227180000009,38.7269909999999,24.4199040000002,17.7686939999999,53.3273810000026
17.0843689999991,34.886202,70.6404889999996,160.932467,28.2626270000037
17.2051540000009,23.1037460000003,115.661189,181.819223,24.1796539999939
16.398744,41.4914419999999,18.7966160000004,73.3041369999992,16.7568180000046
16.1983289999998,16.1411920000001,118.436604,52.7021599999999,19.8744949999821
16.7532539999993,21.2077559999999,43.8122410000004,152.915714,124.064740000023
16.570745000001,42.9183819999999,333.042988,37.861919,219.199658000008
16.5151659999996,64.4720290000001,21.6784269999994,50.8235709999996,22.6974920000202
17.0583519999994,105.113914,24.2311200000005,31.3193570000001,33.4158230000128
16.0904500000001,17.1678179999999,26.8052430000001,158.608886,16.7342970000002
16.8825629999994,120.836658,45.2836100000003,160.890171,30.7508539999999
16.6200620000012,32.2012599999999,19.8278409999997,31.2402550000002,17.5377079999999
16.3465029999994,31.4987250000005,23.3652849999997,32.9097919999999,25.6276130000002
16.6815959999997,261.747191,38.635899,38.4461370000002,160.911629
16.73188,20.6647859999993,28.7488170000003,64.6098200000003,194.657285
16.6403000000006,22.4289790000007,16.0027810000001,24.5532959999997,179.958581
16.8959369999993,31.3505289999991,23.4135230000003,114.714903,301.523245
16.7822540000007,18.4142060000001,52.5290629999997,71.4475629999996,385.607888
16.2160280000006,24.7285420000001,37.4038360000002,52.2597510000002,453.212085
16.7494819999998,16.6646629999994,283.825088,22.179457,96.4594129999998
17.2053600000002,84.7902219999996,20.0635999999994,55.9608270000007,110.069454
16.3689489999985,28.6986569999996,105.700881000001,18.6033949999995,167.400782000001
16.8282300000016,80.2252530000001,71.9577170000001,36.7629039999997,34.9697929999992
104.405885999999,113.945044999999,41.1324999999998,300.167494,109.0479
16.9642250000006,16.111768,73.440831000001,26.5249139999995,36.166948
16.3772180000006,133.708082,32.2343299999996,38.1099919999999,45.4778610000002
16.6821519999996,17.6112379999989,61.8396360000002,16.1760940000004,106.636479000001
16.8924219999997,30.6826909999991,125.159910000001,230.816714,176.24622
16.124284,71.420766000001,90.316528999999,348.491822,33.1663770000006
16.6520549999998,110.075279,41.8042760000006,463.588965,111.387497
16.9577620000005,25.693339,65.9800720000003,23.2335569999993,34.4074999999995
16.6489799999994,58.2408289999989,168.102919000001,21.6907290000012,38.9862789999995
16.7983790000008,46.7579330000003,60.6912599999987,31.9090309999996,522.43591
16.8203239999993,31.7467439999994,27.5584210000002,20.9489359999999,19.5055870000003
16.7281020000001,47.0494619999986,44.5331830000004,24.9887350000009,37.544853
16.4865760000001,51.257734,143.283793999998,26.1673789999985,101935.917072
16.5394229999993,25.431459,18.1338909999997,24.4807409999996,32673.787507
17.1004420000003,21.4708849999994,189.398592,24.3929600000001,252.767122000023
16.4761020000004,44.9324889999989,25.244279999999,207.532427999999,32.621483999975
16.5405409999995,26.2876330000008,119.110260000001,23.2508980000006,17.1887860000197
16.1780809999996,267.374245999999,250.191684999999,99.4897399999992,26.9282129999908
16.5747090000004,20.2294430000016,20.4796500000004,377.836481999999,16.7308089999949
17.5675149999996,17.5634000000002,61.8938699999987,243.364237,69.7490409999944
16.7479490000009,16.6752680000002,17.3014909999996,95.8471939999992,61.6332170000078
17.758645999999,19.930488,23.7974370000007,23.0445350000004,24.9389199999825
16.4261579999998,16.7708189999995,17.981129999999,150.823007,61.5591129999871
17.1378330000014,21.6263800000007,22.310074,61.2662799999999,93.1135349999863
16.1174319999997,40.5387899999994,21.758385,36.6621110000001,54.4277440000087
17.4684329999995,45.750953999999,39.8601519999993,51.5906459999993,910.35977300001
16.025732000001,52.0338599999999,16.297573000001,117.065288000001,665.428598000005
17.3487469999998,47.4250850000004,65.9361460000003,50.7169760000004,762.009855000002
16.1750380000001,45.0176259999999,286.649771,60.5795110000003,305.767286999981
16.5430739999994,31.7446580000009,202.024037999999,79.279957999999,247.118692000015
16.5623910000008,34.1862459999991,23.4534970000002,199.017247999999,271.727435000003
17.417974999999,23.1951030000008,86.7237279999991,139.176626999999,125.246041999986
16.3781410000006,35.6898610000016,38.2483170000008,47.5505500000004,19.9814200000219
17.0004309999996,24.5733050000005,107.176918,26.9242769999991,20.0473319999901
,30.1640920000015,22.4077759999997,64.7586970000003,16.2476429999856
,34.7499169999992,53.3112599999992,19.3278499999998,129.631124000014
,51.6112349999993,24.4417800000001,266.427930000001,37.9023099999927
,78.3465770000014,20.0342969999987,37.4677129999998,55.6562659999997
,63.1640299999994,23.0519769999997,75.6002230000004,67.6766199999861
,19.7925820000009,51.2100000000011,62.9879469999999,250.066357000009
,38.9882659999987,24.2835939999999,32.947312000001,36.0270129999947
,47.3904350000005,28.9112679999999,85.7621239999986,65.183678000011
,30.7159989999999,179.303141,40.1272749999997,55.313520999988
,40.3688879999997,27.4636510000015,19.6064220000007,122.444170999984
,262.797526,127.097388999999,61.0151339999998,316.093871999982
,16.7148939999997,51.3639359999996,440.009233,115.121448999986
,17.9373890000001,63.4141649999993,21.6694999999998,26.2164580000217
,17.2306540000005,18.9028810000007,68.7002220000004,24.9259410000207
,17.8214140000001,16.5920220000011,23.0675470000001,37.7892919999852
,17.2294209999997,179.577831,21.8544810000001,38.3580959999961
,19.7822970000008,34.1478049999999,20.8751879999998,593.939290000009
,18.8212109999988,283.622823,67.0457599999992,45.3189950000024
,20.1884159999999,19.6401500000007,53.9725490000009,20.3476460000047
,22.1523569999995,29.4244949999989,16.6472420000012,44.6562070000027
,47.7533340000011,26.4769030000007,291.298779,36.6735069999891
,52.5197539999986,18.7303239999999,238.510961000001,28.8728390000017
,34.3701650000003,30.5578099999995,219.681531999999,22.7955679999923
,570.737093,25.4716770000005,86.2855549999999,114.509103000017
,21.4909680000002,20.8718209999983,17.2065610000001,63.8037809999901
,20.594864,27.6288820000001,159.371353000001,249.538831999985
,121.916873,20.6092099999999,46.2455529999986,276.301525999997
,70.4072490000001,42.0152079999987,48.8324850000002,97.7854660000048
,18.2182439999998,42.1094970000002,29.5105080000013,76.011066999996
,349.875575,38.1880369999994,18.0903170000004,35.9442529999967
,16.3194079999998,26.6863260000001,25.1010600000008,53.869332000005
,16.8002880000002,30.8625720000002,50.6521469999992,180.772490999999
,17.9906380000001,108.599311999999,68.6161530000007,32.026535
,18.5811629999999,70.4789829999992,254.85449,59.5613239999864
,17.4062500000001,27.2522200000012,16.8969140000002,28.4515269999872
,102.348892,93.6567409999984,17.0439649999992,92.4787749999894
,19.9542610000001,46.7822899999995,89.5621510000009,24.2569549999985
,63.9303779999998,48.2080390000004,48.8382279999993,19.7284329999832
,26.5090909999999,22.1707320000011,21.0420150000008,118.245886000011
,47.0638750000001,27.7101809999998,43.0187620000009,136.738215999998
,64.0137489999999,51.6612429999999,16.0498590000007,130.649616999989
,17.858081,34.1817540000005,141.592847,129.395418999991
,70.50687,32.9585439999995,46.5960089999999,17.669638000001
,43.9330550000001,34.7025219999999,30.9427919999994,22.9782629999988
,17.6563879999998,17.577622000001,64.3678730000001,357.291191000002
,32.2308729999996,76.8467340000001,33.2742379999988,33.2644960000152
,69.324135,239.007484,25.569066000001,29.3339239999852
,51.3602729999998,19.0162479999998,49.3877610000002,24.8639010000034
,96.8758310000002,38.4922490000008,60.3971770000005,22.235754999997
,20.904077,16.6217809999996,143.417571000001,23.2293070000082
,301.541296,21.6624930000009,94.1297199999998,39.973233000012
,26.8880670000002,17.9715179999995,68.7148359999998,36.7081409999912
,21.250561,19.5681419999989,31.9251279999992,39.4765190000044
,17.3371999999996,16.4519919999986,20.3462189999986,48.0551560000038
,19.9259500000002,19.3367470000005,20.6771460000006,96.2089370000001
,76.65926,17.0136850000002,23.3447640000008,47.1986589999744
,20.8433350000004,17.0322669999994,51.1777410000001,18.6704250000105
,35.3827999999998,16.6397870000008,60.729791,704.457144999992
,108.491974000001,44.339239000001,66.1654999999985,65.1251580000007
,22.0434239999996,36.3186499999983,90.3104470000002,39.5734379999908
,21.9700999999999,78.2366460000001,29.4120200000005,66.5496160000032
,19.4791939999996,26.8004189999997,112.354801000002,45.6555410000021
,19.9624590000003,28.7384520000002,43.2148219999995,86.2374489999809
,18.9420220000001,22.2525469999999,24.9614360000017,17.7229790000126
,52.4896979999996,18.32302,17.4832229999993,28.5051350000174
,49.6169040000005,26.898224,36.5564089999992,41.2398570000221
,26.6683460000001,20.4018270000001,49.9307699999996,32.6722180000161
,155.832722,103.455922,44.2535599999978,35.6334790000119
,23.6281049999993,16.396582,27.9898289999991,77.5770099999988
,19.2950450000007,53.317727,42.2897780000007,28.3655679999981
,33.3973599999995,75.1058339999999,36.961367,19.149925000022
,29.2042290000003,98.5940579999998,47.5517419999996,85.3550580000046
,294.326333,161.517382,54.4622340000025,48.1636730000048
,22.6210250000003,39.496674,20.2840270000024,122.495517999994
,17.7760459999998,75.491457,68.8552330000007,88.3010709999894
,16.480499,78.5122980000002,40.785016000001,210.101190999978
,21.347209,35.3662250000002,41.3704169999996,309.895479000005
,18.2950890000004,82.715645,22.5912269999995,18.7676830000214
,19.29815,54.2786140000002,35.1345069999986,18.001092999981
,35.6526800000001,66.557242,21.5646860000014,32.2567710000214
,93.6363770000002,49.2328580000003,27.6823610000001,19.7799659999873
,17.3388409999999,378.223412,207.703817000002,19.8597760000041
,59.755097,30.3090780000002,21.104403999999,133.223204000018
,139.227481,25.1458019999999,23.9642990000029,51.3313259999961
,28.0381820000004,30.3338930000003,16.6500689999971,34.0714710000043
,21.6708759999999,32.4648519999995,25.2231930000022,108.219847000015
,17.448366,25.5350420000005,17.2507029999984,197.750941999999
,23.8872109999999,22.3975269999999,16.8491900000021,41.8621599999938
,23.3848110000006,23.9835240000001,20.3936109999994,19.6569539999985
,20.0513500000001,31.4197959999998,54.2813110000004,76.9132790000242
,53.3341219999999,26.8174480000001,81.8201149999993,30.769169999985
,24.408652,17.2451989999995,23.2200360000014,86.0031040000138
,66.9180359999997,22.9450699999996,20.0061330000025,21.8075479999982
,52.7881280000004,18.7723349999995,84.0322290000004,54.200088999977
,29.1221940000002,23.5487880000003,88.4703519999999,74.1114390000064
,20.0330739999996,17.0966209999994,140.816461,41.7672789999983
,114.760993,43.7975289999999,145.879685,59.9635199999966
,20.8186760000002,107.352104,155.345849,198.515641
,229.515675,105.955379,27.0837150000003,24.3901339999866
,16.3516650000002,39.9384660000006,16.2318069999996,83.7388449999992
,18.4483100000001,84.6909879999993,40.3826380000001,63.0326220000086
,16.3431760000003,59.1791990000008,103.277579,300.709713999993
,16.3255309999997,21.3948979999996,75.0483429999997,32.1563720000029
,16.9637050000002,31.4550799999997,224.031463,20.4562799999906
,147.939805,21.6095019999996,22.7780479999997,22.5814260000163
,28.560015,26.6087869999998,47.0293500000003,19.9827280000022
,25.6705310000003,16.9428549999999,230.380941,18.0240149999804
,51.6530360000003,47.4314610000004,54.1683690000001,19.4272920000174
,149.981642,98.1494509999994,227.724449,102.758437999995
,31.1797140000003,76.1667699999995,273.285436999999,16.1908959999835
,26.0907549999994,101.414705000001,35.0807660000001,141.045969999993
,21.4897500000006,30.2660599999998,227.638895,100.213797999999
,39.8280790000003,54.6227699999999,446.086549,63.4227040000042
,17.436751,45.2438299999995,16.7375389999993,25.0004869999998
,44.5982420000002,34.6465650000001,23.7738700000003,24.9460189999979
,86.7371860000006,34.9948399999995,140.325883,18.7897569999791
,22.7943469999996,45.3735470000005,70.6873019999996,64.5995460000108
,96.5483860000003,80.0465389999996,18.1232900000001,16.9717260000084
,25.4470189999996,75.6021039999997,25.8133540000003,18.855335000012
,45.6817160000007,57.7881549999999,25.9063849999999,23.0065799999863
,25.9123429999999,436.539159,233.407845,53.4749900000122
,24.0773870000002,17.3771519999999,37.420708,27.6598620000073
,56.9079380000002,27.6432780000002,100.340866000001,17.7099930000111
,160.976926,27.1263729999998,75.0653039999998,50.2586759999986
,16.0767530000001,17.4666459999999,62.4217590000002,20.8033530000193
,17.0697539999995,19.0055880000006,31.5641969999998,299.239624999984
,22.7072140000004,20.7552789999994,63.9456090000001,37.003043999988
,121.633103999999,33.0881890000008,89.2652609999995,18.3467120000103
,22.1992370000006,36.9878539999995,65.8678870000005,17.4956800000246
,36.0827189999995,30.7177330000004,33.3468779999997,66.9115439999928
,116.397092,22.0602950000002,27.9609110000001,83.7280689999997
,44.4609800000002,33.1160339999998,16.7522800000004,179.787168
,54.6184400000005,21.699656,16.1032309999998,199.484378
,40.9892230000004,156.573678,27.9638200000001,92.9414149999999
,112.211507,105.747946999999,27.6190669999998,76.1574440000001
,49.8348140000005,18.217194,26.228261,289.207658
,35.8383509999989,19.2525620000001,287.912702,228.120024
,25.769523000001,66.1577209999997,135.940380999999,58.1946590000002
,30.2516500000003,32.5417640000003,100.519252,318.68605
,108.806517,47.745656,27.1128139999997,189.918913000001
,23.7487519999995,33.1333069999999,346.325497,197.227194
,79.7315340000004,59.3745459999999,42.9564229999997,53.0235970000001
,331.607662,17.2741539999999,76.5944990000005,30.5335690000001
,26.5591530000009,71.6621560000004,82.183144,96.8130490000005
,18.2890100000002,22.7784020000001,48.2401609999998,27.2927260000007
,32.5283269999996,23.2612309999993,347.052023,16.9928829999995
,17.7106299999998,21.1356540000001,16.4953780000001,23.5044040000005
,21.8881279999987,36.2930370000001,28.3207310000009,24.2415950000003
,28.2598860000007,25.258451,27.1336120000001,16.8891589999998
,22.3098870000005,27.7401690000003,77.9196770000006,24.0247780000002
,17.4421509999991,140.466389,16.3267239999989,37.8069009999997
,23.4267030000002,27.6916369999993,29.456699999999,31.4919060000003
,58.6572669999992,17.1552820000001,64.798111,243.603199000001
,17.3104199999994,36.3231540000006,37.7595020000001,16.3975689999996
,64.6199860000003,260.072313999999,414.001442,16.7945459999999
,16.4165759999992,60.7698259999996,58.7214219999996,39.3791659999998
,76.336984000001,35.8821239999996,406.310905,16.144905
,28.4120699999999,17.2475169999995,184.470698,65.3247759999998
,18.5142759999994,274.396005,28.2987979999998,66.4143540000008
,49.8758479999992,95.2060360000004,16.18225,37.2496139999994
,23.5108950000011,18.2546539999997,74.7223230000014,17.7019070000002
,16.6587370000002,16.3915010000011,166.825764999999,20.4419900000001
,49.4305770000008,21.4517559999994,50.506437000001,44.4666910000002
,46.9226030000005,24.2167420000001,106.534676000001,116.098022
,87.5458140000003,32.9145200000003,146.950286999999,71.626846
,39.1403490000002,22.9430859999997,23.358344,242.835971
,73.5012949999998,16.5674449999997,53.5478820000002,99.2519459999999
,49.2458280000001,95.9226409999996,32.063526,27.1146680000003
,257.948629000001,82.7983310000011,31.0336909999993,39.967098
,21.2926299999996,36.9505060000002,79.3494590000012,99277.940373
,,114.182098000001,143.552329999999,23785.670108
,,117.098472,117.298347,11595.962084
,,98.8903849999989,22.5397839999992,153.386830000017
,,174.231819000001,552.344281,247.847091000011
,,99.3834609999986,18.0384179999997,83.6819390000017
,,103.821156,34.8361219999997,74.6908640000186
,,44.051146000001,423.483795000001,31.3046579999821
,,83.1192909999992,35.2261739999999,17.064572999999
,,16.7783260000007,21.0588739999995,29.4873699999982
,,43.1586790000011,103.029916999999,16.4700690000075
,,40.3155670000004,36.9656680000006,36.7211650000172
,,52.6381259999997,24.5488550000008,697.465331999979
,,44.0208650000002,33.505010999999,37.5582650000013
,,117.822814,31.2887019999994,25.6867680000141
,,17.8296929999995,59.3256990000004,290.588872000001
,,201.264935999999,268.969244999999,113.854751000019
,,16.5733540000002,159.921993999999,29.276565999993
,,282.962216000001,143.352652000001,58.5739580000109
,,37.9907149999994,80.2354049999998,32.4664219999988
,,18.1109570000011,31.0138230000003,444.630044999997
,,296.057261,47.6408789999994,110.260734000008
,,28.0118819999995,27.3471100000009,205.838673000017
,,18.4373190000002,83.8485750000011,467.323278999999
,,44.8372710000005,26.6250809999988,103.043412000005
,,24.8608260000012,20.220256,27.9620309999871
,,17.5517509999992,24.8552970000002,58.7588580000045
,,16.9325709999999,76.2828620000011,25.3060379999965
,,19.2167300000001,166.665703,26.289773000002
,,27.6919660000008,108.152015,29.3875149999963
,,194.293096999999,29.2005440000001,39.149263000013
,,203.664435,150.179045,27.0182599999771
,,18.801869999999,17.8608320000002,32.0822800000258
,,115.789799,16.1550209999994,32.5657849999743
,,18.3485529999992,220.491746,18.0196299999977
,,19.6754119999998,317.585453000001,224.823364000002
,,82.6847020000017,32.010163999999,18.2258670000124
,,38.8769629999999,20.5078719999996,83.4355199999948
,,18.7140459999995,28.3474770000005,106.707583000002
,,33.2501090000008,18.311529,159.735286
,,72.500131,19.6729589999993,163.94710900002
,,88.8399230000001,18.9357129999994,52.7102350000064
,,28.4119670000003,44.2517360000014,139.480811999988
,,58.9258280000013,18.2913500000002,150.844667000001
,,52.4310989999997,125.991622999999,52.1410900000205
,,96.7959189999998,79.8556460000004,19.12515799998
,,18.959284000001,56.0245340000005,16.452342000008
,,20.7137639999999,57.7218199999994,48.2804370000167
,,104.113491,57.220654,48.4838980000006
,,56.3333139999997,19.1358929999996,36.2939309999888
,,251.112818999999,185.290637,22.425936000019
,,37.0301179999988,41.0920210000008,54.0166010000007
,,28.8122870000009,33.3112769999992,35.014187999991
,,26.6567649999985,30.3836550000014,343.274679999979
,,18.1374840000004,96.858190999999,68.1424619999973
,,17.0282090000011,29.012572000001,32.4019619999945
,,24.3009819999997,27.3903260000008,19.1723550000233
,,35.9293150000006,24.9737890000006,70.6460579999941
,,16.7025490000015,36.960551,130.650169999996
,,66.1687040000007,140.660009999999,16.8688839999902
,,107.700223,26.2496310000007,17.2891280000158
,,18.528984,27.85598,363.068123999994
,,21.2614750000002,16.0055650000004,150.274789000008
,,24.4248659999999,126.979367999999,42.8301549999901
,,110.395285,21.2664960000026,61.8802390000042
,,26.3352780000003,297.910387999998,71.1552310000059
,,16.0604950000001,16.7737169999995,186.963749
,,18.0960639999999,18.3669339999994,391.328872000003
,,61.504749,16.7688510000019,20.0217290000069
,,24.8010719999998,26.2222449999996,19.484699000003
,,33.340758,17.7441079999987,22.2594939999965
,,65.0262449999999,24.0290320000014,40.3835600000093
,,20.8734740000001,24.2116999999986,70.2610740000011
,,130.798455,60.503434000001,19.2285319999996
,,75.8470600000001,25.3741349999999,18.1440329999987
,,17.6892299999998,85.711314000001,16.0362830000054
,,135.215958,117.417138,141.795895999991
,,223.038116,39.7580959999999,151.34467499999
,,84.1286459999999,67.732667,32.772958999999
,,338.103652,27.3358510000001,78.2164320000049
,,26.1771509999997,26.0849029999997,93.0067259999987
,,22.3514549999999,103.991976000001,337.972368999999
,,17.1978300000002,83.8971679999996,105.925606999989
,,19.031907,49.5879930000003,75.4974419999996
,,23.0179079999999,25.5409179999999,120.051972000027
,,28.1175830000002,45.6792619999997,191.881592999977
,,20.8539769999998,146.947815,121.105663999998
,,36.7183400000002,48.7302009999997,210.000894000018
,,42.3403279999999,21.157681,16.0449610000057
,,36.792943,61.1277180000003,63.5357310000018
,,99.45659,32.279452,90.1966469999991
,,87.927885,40.8910960000002,96.2278930000196
,,108.380246,451.174581,25.8555479999814
,,149.170521,19.560298,179.682244999981
,,19.7195749999999,20.2160760000001,75.8540289999985
,,53.5288029999999,22.631353,25.4430920000175
,,55.4979109999998,417.067884,27.3253360000183
,,44.8620290000008,40.8507989999993,57.7620869999862
,,31.4853999999993,105.397885,89.3145580000123
,,24.7596020000005,18.281258,70.5072910000126
,,16.5013890000001,619.287661,192.008837999992
,,25.2677500000003,96.8658969999998,23.1721189999803
,,46.7416199999997,16.0861740000007,312.675027000012
,,17.7149559999998,22.2564059999995,28.7948839999785
,,99.1661989999999,43.4398360000001,37.2239780000143
,,23.7445320000003,22.1730560000006,20.9567139999933
,,49.3983580000004,36.4727449999993,27.3539560000131
,,226.509454,24.5982370000002,17.0911639999929
,,27.3898299999997,40.0595309999998,16.4815720000036
,,16.2428070000002,29.9311920000003,22.1039299999859
,,60.9417599999995,22.6305810000005,19.361895000003
,,300.883231,289.80804,16.7152790000102
,,404.033266,18.0776570000001,31.8853949999891
,,25.1525040000002,61.2039070000003,244.510358000014
,,22.8783729999993,211.933323999999,19.2626930000017
,,17.8241750000003,148.488384,21.7163609999886
,,16.3975189999999,119.860839,34.2122310000263
,,24.8216299999999,220.537288,17.6475549999964
,,18.6262810000004,47.1618190000003,19.5354139999893
,,24.5464269999998,81.6379069999993,163.628410000001
,,26.5184220000005,28.9220820000002,22.2726459999762
,,221.522097999999,29.152453,25.4249629999777
,,78.3841910000005,23.3975160000002,33.9289400000098
,,78.3067190000004,80.8930879999998,27.157394999989
,,17.9363260000001,31.788938,18.7840890000075
,,169.864164,293.40805,221.360666999999
,,78.7647570000001,31.9879640000007,66.3676669999802
,,140.124888,153.177748,21.4897090000079
,,113.790069999999,61.0542409999999,17.3796109999955
,,38.5790970000004,88.6380820000001,97.703456000005
,,36.3570160000002,17.8853559999999,19.251249000007
,,108.708382,29.585097,53.0845870000007
,,87.3239290000001,56.6570760000005,134.562305000003
,,34.1742260000002,48.7084109999998,46.061936000001
,,28.0928200000004,31.5967979999998,17.7034030000129
,,57.0614630000001,227.091402000001,162.384899000017
,,46.4043180000004,20.234091999999,31.5589889999899
,,36.9376910000003,94.0763380000007,99.9892760000023
,,46.8996370000001,103.568983000001,59.3150559999742
,,16.0366769999998,69.8552370000005,297.100752999995
,,115.501903,35.1197819999989,24.0074550000031
,,42.0425519999998,371.448788999999,18.2239030000062
,,209.096426,22.0026890000007,20.5277029999991
,,22.0416619999995,39.1809599999995,19.5443249999983
,,61.83008,39.2795260000014,31.0468950000029
,,37.0680409999995,26.1004559999982,38.5717800000123
,,67.2372049999996,19.8552280000008,23.4658419999789
,,21.613072000001,40.0153640000003,25.0160010000116
,,268.312109,72.3682540000006,24.175353000004
,,21.0235880000003,25.3284629999992,22.2399539999856
,,17.1939449999989,24.2317879999998,17.8972989999977
,,40.0582210000007,153.17278,18.7165430000107
,,32.2370969999994,137.632413,21.8484620000083
,,35.3149950000002,65.2302750000011,17.3210079999819
,,24.1851910000008,304.338898999999,76.6338500000074
,,36.4302369999994,82.795020999999,25.2613010000005
,,38.1509680000001,143.051187000001,85.4732479999996
,,20.7698169999997,195.571301999999,83.9656759999912
,,150.988908,241.507643999999,27.9314889999966
,,132.429911000001,45.5260620000004,66.9541030000005
,,39.6129609999996,25.7074169999996,44.0914910000174
,,49.1631619999993,124.316456000001,19.0506330000062
,,91.3611960000011,102.253424999999,23.0200830000058
,,48.7387940000001,24.8783019999994,53.5609560000125
,,130.272906,38.4353130000008,25.5741450000073
,,75.1971909999991,17.9357309999997,21.8338029999927
,,37.1621700000002,46.6218950000012,23.4755189999873
,,62.287821,111.827398000001,48.6230760000126
,,24.8544190000004,180.276208,21.8029110000089
,,49.6688610000007,215.367209,18.3053319999829
,,42.3954680000005,22.1799370000006,96.7679459999999
,,18.0560320000005,95.3802750000001,74.815932000007
,,111.821181,36.5874000000002,167.345831999995
,,123.895068,19.6222089999996,19.1363239999873
,,26.2981910000004,97.8419709999994,86.6549569999999
,,119.702046,53.1429170000006,96.657435
,,24.1794439999996,213.625857,245.187328
,,22.5717089999993,27.4670270000001,114.751322
,,25.9565679999998,171.890978,60.3740779999997
,,126.628725,74.2785080000008,641.944492
,,341.212650000001,19.5152150000002,357.096585
,,16.0363750000005,43.6173579999988,63.7910279999998
,,57.132725999999,21.8920040000015,272.661545
,,253.206829,272.140794,150.206237
,,60.9601550000001,378.907568000001,375.616727000001
,,20.8683869999984,17.4900479999991,344.821734
,,19.2933690000014,40.591203,64.6159080000004
,,22.7373489999998,26.3660019999996,27.0314239999996
,,18.7164539999998,22.4836479999997,42.9826469999997
,,16.3293919999994,20.9380820000007,19.584364
,,21.3327579999998,27.983948000001,86.949873
,,18.601824000001,22.0504869999996,77.5068580000005
,,17.7454590000004,17.4792969999995,62.6202629999995
,,45.134853,16.5509359999998,32.7568359999999
,,134.622659,21.6853170000011,101147.058174
,,38.8024639999998,97.9130739999992,21953.207786
,,42.8886519999998,19.2460949999997,11629.120953
,,35.8993289999998,26.0986900000013,182.418218000009
,,110.614491,78.6623629999994,252.748642
,,18.3137229999999,25.8002600000005,28.4621139999786
,,119.270348,28.5818780000007,21.942628000005
,,84.803483,152.553811999999,35.5234849999988
,,29.3382129999999,94.5995499999999,33.8978260000147
,,140.633765,66.4278650000014,41.982451999985
,,85.056292,82.5577619999987,47.3562669999978
,,139.16595,23.0132130000005,52.5829000000044
,,76.3874480000002,67.1202960000006,1105.072941
,,85.1543219999997,24.6085649999994,680.188609999988
,,47.7133779999996,46.4917279999995,67.3880850000046
,,154.194364,62.3180350000006,46.4631050000151
,,57.2955749999999,17.946341,24.4560319999891
,,363.770484,199.000407,24.2708130000153
,,24.945518,20.2460559999995,61.3976119999791
,,20.4536949999996,61.2802380000002,27.667512000022
,,28.6099909999997,173.876234,24.5128539999939
,,35.898972,56.3455939999997,101.330001000008
,,37.3670200000005,17.8595260000005,84.792847999978
,,34.8178299999997,71.022353,177.688916999983
,,30.8396980000003,57.3129029999997,62.1008299999915
,,26.7887189999998,204.105122,77.8573059999985
,,39.8036599999996,75.463559000001,134.736322999999
,,132.114003,17.3140079999996,400.276150999986
,,128.126889000001,24.2184010000002,72.5425870000151
,,239.302931999999,69.6070779999998,91.9950260000064
,,155.734774,124.882941,72.4940579999895
,,235.686032,23.3946889999999,84.6778259999894
,,193.004674,25.575683,26.020281000001
,,59.8478460000003,41.0338990000003,59.736915000002
,,32.6899750000003,48.0544600000004,23.9224100000115
,,98.4746559999996,23.7593080000003,111.818455000019
,,58.1224769999995,60.025891,187.53982299998
,,62.8507599999999,281.983371,90.6704020000007
,,33.9634639999993,50.3745269999998,130.368050000016
,,104.672223,131.871076,48.0736979999961
,,20.9961329999997,23.9316199999999,32.3719390000008
,,97.5700790000005,22.0511370000001,17.2213949999787
,,19.4654160000001,32.4833549999997,210.985036000011
,,81.493182,179.396347,256.796836999996
,,21.7425960000002,147.292584,66.3444009999807
,,27.623051,207.922422,18.1373890000032
,,34.9308949999996,33.1787270000001,20.0220080000122
,,49.9340020000005,18.3828039999998,338.238000000018
,,239.991307,253.360811999999,636.465490000006
,,40.9595339999997,75.0205099999999,33.6710079999989
,,344.68918,451.772699,18.8836549999962
,,46.1524610000001,64.2215369999999,25.1483269999824
,,26.1994540000003,32.3376899999994,57.8588270000182
,,34.2851629999998,34.5397670000001,16.0367139999948
,,22.2009910000001,32.1610269999999,16.5800709999928
,,26.8344190000001,31.9440390000008,18.4008440000127
,,44.0338100000002,40.9852369999992,435.765067000006
,,16.9789339999999,26.3621629999999,48.6852790000114
,,21.6563360000004,23.6510370000005,131.438243000019
,,246.195983,45.2519840000001,331.072649000021
,,21.6284409999998,92.8084619999998,104.519164999999
,,16.3143870000004,68.6882200000003,96.8079339999974
,,232.290829,194.563931,188.271732000004
,,52.2447110000002,207.140331000001,27.1973399999865
,,171.400929000001,111.230931000001,44.2159730000071
,,158.839638,96.6807840000001,76.639460999985
,,110.480860999999,101.621915,46.8708850000041
,,101.394037,45.1528840000002,28.8847310000051
,,71.6821159999999,265.947059,16.7111439999985
,,75.1996829999992,190.707304,55.8341889999952
,,27.8666900000015,42.9578589999995,50.6988289999981
,,54.4958550000008,33.0902130000004,123.339643999998
,,16.014127,74.9215699999999,91.3162159999956
,,239.771445000001,47.8312069999998,66.1735559999954
,,60.2307829999997,64.8005610000002,152.754883
,,32.0214699999983,28.2334500000001,18.0467430000135
,,74.7065370000009,18.9394719999996,146.038449000002
,,53.9147079999989,237.462325,18.1586699999912
,,175.794603,81.9108079999999,48.757457000022
,,32.3951440000005,115.355623,249.092792999988
,,,180.883756,29.9108779999813
,,,16.1392349999998,263.933417000004
,,,27.2366780000004,48.3769340000038
,,,92.904592,287.950096000003
,,,247.407465,16.8220639999959
,,,18.311958,35.8012599999995
,,,209.939778000001,35.3926059999878
,,,57.5541389999987,24.5802670000046
,,,28.4419549999999,23.4790860000089
,,,533.024481,103.603714000002
,,,27.949285,53.3264160000044
,,,35.2051319999997,19.7141579999993
,,,22.0607319999999,223.032668000002
,,,59.4761579999989,145.716978999985
,,,103.970727,90.1155509999967
,,,19.7077060000002,55.2669019999996
,,,21.8045339999993,125.779547000008
,,,30.9746950000012,52.9054419999966
,,,52.6295349999995,35.3316919999997
,,,117.529909,20.5432200000075
,,,125.32573,20.249256999989
,,,116.589818,26.3082910000207
,,,19.9419760000001,57.7495080000006
,,,41.9554729999998,329.279721999995
,,,284.542771,23.3055340000021
,,,84.4922920000002,23.5491269999954
,,,63.0680629999993,187.03191900002
,,,113.184574,194.339667999998
,,,16.887594,18.1445629999928
,,,114.030915999999,51.8973070000186
,,,17.4343710000002,18.1467899999745
,,,45.4355690000003,335.703851000005
,,,61.9821270000003,22.1501020000119
,,,94.5327049999989,16.4186319999828
,,,197.943601,17.9077710000115
,,,117.501529,16.8233240000006
,,,119.90625,17.0972390000088
,,,18.7390050000005,22.4680910000075
,,,262.589675999999,150.078406000006
,,,22.3606840000006,27.483650000022
,,,242.26956,158.593749999994
,,,120.386704,50.3549729999975
,,,42.5450260000009,16.9060000000059
,,,35.3720489999993,21.4261760000056
,,,55.3337310000011,276.594905
,,,111.420251,404.307779
,,,19.0149290000008,329.096229
,,,363.372533,369.190436
,,,36.562107,625.552946
,,,28.9146389999999,548.951169
,,,16.0175870000003,139.451866
,,,22.7966629999994,254.533407
,,,20.1884529999994,30.5862330000002
,,,17.4276280000001,178.520828
,,,35.1980380000008,96755.717672
,,,31.1194149999991,36208.618903
,,,151.405023000001,21.0563859999979
,,,79.6265540000007,1404.48043900003
,,,278.632302,401.865162999997
,,,49.963837,29.9720980000018
,,,81.2822500000001,17.2509880000007
,,,55.8505979999997,53.3915800000102
,,,106.920628,36.5441959999941
,,,116.723821,61.0905510000066
,,,26.5946130000003,73.421943999989
,,,32.2584039999998,528.674418999998
,,,159.438478,636.849216999991
,,,40.872695,27.6386669999908
,,,106.477318,33.0327460000035
,,,21.6252250000002,21.4673490000052
,,,121.620431,19.9792489999879
,,,83.529586,96.3311870000041
,,,41.2766219999998,335.570036999997
,,,18.5090560000001,377.763450000003
,,,50.7354499999999,31.8913810000083
,,,168.386411,417.087458999987
,,,28.9778409999997,18.9078559999984
,,,121.44747,16.6191839999783
,,,431.835868,29.980036000012
,,,42.242957,17.8923050000037
,,,40.0512040000001,18.2214870000053
,,,499.696118,20.1889409999865
,,,271.437317,24.5364719999941
,,,507.107628,25.6344280000178
,,,32.2498919999994,69.2191179999782
,,,28.8416520000006,140.018858000019
,,,57.3036450000002,263.824712000002
,,,21.8351439999997,151.173803000006
,,,23.988374,97.7673020000225
,,,23.1008729999997,60.259861999981
,,,19.2555859999999,215.778913000008
,,,36.444897,385.678135000006
,,,168.0101,281.126650999994
,,,93.7593780000006,90.1523660000123
,,,265.912351,162.119571000005
,,,141.244991,16.9924710000089
,,,63.91569,21.6073919999928
,,,35.5436680000007,109.449235
,,,31.2336439999994,124.798591000001
,,,23.7859790000003,295.985184000017
,,,89.4609390000003,42.7932349999765
,,,78.9897159999997,282.594351
,,,23.8689689999996,73.8555609999878
,,,90.5866959999999,52.0123430000012
,,,37.8737420000004,42.9380740000056
,,,55.7297910000001,249.046703000005
,,,302.921037,130.154402000016
,,,154.863741,107.182709999989
,,,63.9923050000002,145.849924999993
,,,21.650502,18.5639270000024
,,,24.2253120000004,26.1614940000072
,,,18.4112829999998,120.504645000011
,,,24.000268,110.124546999998
,,,154.401908,50.000204999975
,,,287.649568999999,445.808643999982
,,,153.738349000001,21.5236360000119
,,,18.1780300000014,18.6326630000053
,,,16.2669200000014,24.3172220000076
,,,485.491579,39.9742950000075
,,,19.9660770000012,42.3473559999934
,,,31.176820999999,195.508214
,,,45.4643910000012,62.2856210000009
,,,21.9278149999997,38.8850520000119
,,,39.1871760000004,135.394023000003
,,,76.3906599999995,20.2202170000021
,,,65.3937960000004,18.5282390000054
,,,35.0451570000008,69.5080639999901
,,,581.360654000001,99.5071890000077
,,,105.580980999999,27.9330379999863
,,,45.3963930000008,68.5656949999895
,,,71.3494150000003,50.2062109999883
,,,165.810277,30.3874510000242
,,,67.6589740000004,36.9369169999914
,,,113.367970999999,75.3513129999988
,,,58.1076820000011,34.4649330000095
,,,21.6283189999995,292.509842000015
,,,25.5800400000012,50.8008220000136
,,,36.3826840000012,16.3092490000167
,,,85.8520859999992,135.57639199999
,,,27.2158910000009,310.92156599999
,,,41.6962280000011,123.176567999991
,,,129.483709999999,101.001561999993
,,,35.7523010000005,17.4050220000197
,,,302.193944999999,337.312192000013
,,,29.2360400000007,18.476647
,,,32.3421380000006,18.9513070000089
,,,20.0935050000002,18.9669310000227
,,,693.320451,18.3285839999883
,,,162.346084,38.4424400000114
,,,152.817452,50.4185289999839
,,,127.837926,22.3076180000135
,,,458.769795,91.2221029999785
,,,23.7459450000004,28.4942899999976
,,,45.3797859999998,50.2055979999909
,,,62.9565959999998,183.986119999986
,,,67.4478030000003,209.712891999999
,,,23.8368169999998,67.0957149999936
,,,41.9139509999997,38.6710550000089
,,,94.8449559999998,38.2225110000149
,,,41.3178980000004,105.081994999978
,,,252.979811,37.7619820000064
,,,124.573945,68.5038580000139
,,,210.418646,47.8831300000024
,,,74.1393160000001,51.6337249999879
,,,24.2132660000003,32.4498539999922
,,,77.1918600000001,522.609886
,,,44.0025679999998,254.315408
,,,235.462099,450.65395
,,,23.2811770000003,470.618645
,,,69.948288,660.728799999999
,,,236.109576,205.866806
,,,84.3049660000004,135.898524
,,,64.3337189999995,167.499106
,,,215.28749,176.978889
,,,19.6126210000003,34.0719199999997
,,,375.396926,94354.372746
,,,26.5373460000005,28379.510798
,,,47.202457,10169.767135
,,,31.1953230000004,1813.920096
,,,16.9948980000001,64.381093999998
,,,269.286882,17.7355209999917
,,,16.2488089999995,22.5165720000007
,,,34.9215039999997,55.3223170000194
,,,30.7952160000005,56.930374999979
,,,20.3159909999995,63.0936210000073
,,,174.051091,49.243630999996
,,,376.70315,473.217610000006
,,,307.760692,590.677342999982
,,,28.0212469999999,41.5127569999925
,,,338.312717000001,28.2231029999878
,,,46.0371289999992,78.9982510000016
,,,207.280058999999,62.2238420000087
,,,84.744774999999,871.588057999986
,,,28.335460000001,149.934978999994
,,,73.0239529999999,31.1266960000012
,,,25.1596509999992,477.921944999991
,,,21.9813259999988,16.4486109999871
,,,37.4256460000009,21.4472380000075
,,,17.1750610000014,18.8692000000117
,,,60.667466,19.4774459999962
,,,17.361782,71.6921209999839
,,,391.675376,28.9191539999933
,,,184.684361,31.2848069999916
,,,23.9040999999993,22.5920710000196
,,,96.0060670000011,35.5652629999952
,,,98.2089730000002,101.392747000006
,,,144.338489999999,33.4695210000007
,,,45.612105,183.080462999982
,,,46.4206260000015,148.997360999999
,,,46.6670779999987,392.697556000002
,,,59.2780570000002,442.412883999992
,,,31.4484470000007,60.595821000021
,,,196.082096,107.732811999995
,,,200.926897,108.105151999979
,,,,49.8506150000253
,,,,132.031786999988
,,,,31.6592000000071
,,,,55.4953580000017
,,,,344.946870000001
,,,,208.243369000002
,,,,212.372816999988
,,,,50.5382550000206
,,,,18.8980659999913
,,,,21.5053000000012
,,,,22.675324000005
,,,,419.673380999996
,,,,143.587887999985
,,,,18.432851
,,,,37.6036130000159
,,,,17.3608640000111
,,,,22.479699999991
,,,,59.4948410000029
,,,,111.703446000007
,,,,388.015994
,,,,29.4195689999981
,,,,26.8801020000069
,,,,20.4454549999866
,,,,19.3443850000108
,,,,118.159353999999
,,,,37.9874010000094
,,,,19.1345189999765
,,,,472.033181000001
,,,,113.802730000003
,,,,68.4218119999969
,,,,35.2065450000225
,,,,49.9677009999857
,,,,37.0095890000073
,,,,25.595984000006
,,,,71.7424489999985
,,,,16.6554609999992
,,,,24.6538410000028
,,,,290.12191999999
,,,,81.1200180000071
,,,,43.8228620000132
,,,,67.5464759999898
,,,,194.779822999976
,,,,31.8294779999917
,,,,27.2019459999999
,,,,26.5599540000001
,,,,196.726545
,,,,411.119311
,,,,332.456505
,,,,408.864888
,,,,602.116191
,,,,20.0931149999999
,,,,243.465512
,,,,51.069976
,,,,448.707928
,,,,114.754458
,,,,46.2240259999991
,,,,94643.012836
,,,,28116.280514
,,,,10170.482194
,,,,1389.38987499998
,,,,74.4972800000028
,,,,107.546001000003
,,,,259.382469999991
,,,,23.4599460000027
,,,,43.0797949999828
,,,,56.7588060000048
,,,,28.7613909999891
,,,,27.22679499999
,,,,90.0557379999896
,,,,499.083431000003
,,,,601.410869999995
,,,,36.7796989999931
,,,,118.469994999998
,,,,103.289714999988
,,,,553.705771000011
,,,,564.875514999983
,,,,504.546059000006
,,,,29.6484780000128
,,,,30.3257819999772
,,,,19.8007449999977
,,,,23.4645320000197
,,,,32.2295240000017
,,,,20.5816630000015
,,,,19.9880790000009
,,,,19.8925229999816
,,,,21.3527190000207
,,,,71.2287679999974
,,,,103.447519000014
,,,,241.407871000007
,,,,99.13850800001
,,,,190.668074999991
,,,,63.4929840000211
,,,,286.183757999993
,,,,130.755219000008
,,,,43.854859999982
,,,,26.0189420000074
,,,,156.754677000009
,,,,157.596566999985
,,,,33.0855920000204
,,,,88.8107739999953
,,,,118.778778000006
,,,,39.0476030000002
,,,,55.7040010000094
,,,,16.3753539999902
,,,,117.196492000005
,,,,219.244304
,,,,154.966050000013
,,,,103.282207000007
,,,,17.1072099999776
,,,,49.181367000017
,,,,383.669379999986
,,,,147.50809100002
,,,,46.2772739999764
,,,,17.8698440000176
,,,,21.3472060000015
,,,,155.461970000005
,,,,51.8785259999999
,,,,154.943575
,,,,63.2569169999995
,,,,188.525347000001
,,,,264.198319
,,,,222.457175
,,,,197.895936
,,,,375.416125
,,,,316.11187
,,,,164.956160999999
,,,,39.7924290000002
,,,,50.8870449999996
,,,,93.2379690000005
,,,,105.173368
,,,,170.241237
,,,,38.5389619999996
,,,,23.40579
,,,,90532.496122
,,,,32411.478913
,,,,10158.664745
,,,,19.9704489999988
,,,,1411.96948800001
,,,,403.064870999998
,,,,79.5354020000048
,,,,35.5963760000009
,,,,20.2485629999956
,,,,28.3275940000181
,,,,28.953223000002
,,,,70.177115000007
,,,,31.2806040000169
,,,,366.213028999994
,,,,118.935762000007
,,,,211.075548999986
,,,,18.1551130000059
,,,,1161.67397500001
,,,,73.0984319999948
,,,,25.1288240000065
,,,,46.2669670000082
,,,,24.9272339999891
,,,,35.5539459999932
,,,,31.9812129999946
,,,,32.8502469999989
,,,,51.200606000009
,,,,30.0722739999912
,,,,20.4319050000095
,,,,49.7519769999997
,,,,161.207048000001
,,,,221.986338
,,,,586.109359
,,,,577.157045
